scenario	related	naive_p	typed_p	loan_det	loan_true	prec	recall
S1 관련+차용	True	0.004975124378109453	0.004975124378109453	117	120	1.0	0.975
S2 무관+차용만	False	0.004975124378109453	0.6169154228855721	117	119	1.0	0.9831932773109243